z_cm,A_cm2
0,78.539816
1,84.948665
2,91.608842
3,98.520345
4,105.683176
5,98.520345
6,84.948665
